
common.directorate.name.northen_province                = General Directorate of Health Affairs in Northen Province 
common.directorate.region.northen_province              = Northen Province 
common.employee.job.title.almajal_regional_director     = \u0645\u062F\u064A\u0631 \u0642\u0637\u0627\u0639 \u0627\u0644\u0635\u064A\u0627\u0646\u0629 \u0627\u0644\u0637\u0628\u064A\u0629 \u0628\u0634\u0631\u0643\u0629 \u0645\u062C\u0645\u0648\u0639\u0629 \u0627\u0644\u0645\u062C\u0627\u0644 \u0627\u0644\u0639\u0631\u0628\u064A
common.employee.job.title.head.device.northen.province  = Biomedical Devices Manager in Northen Province
common.employee.job.title.site.device.manager           = Biomedical Devices Manager in Site
common.hospital.department.ach.aku                      = AKU
common.hospital.department.ach.ambulance                = AMBULANCE
common.hospital.department.ach.cssd                     = CSSD
common.hospital.department.ach.domestic_medicine        = DOMESTIC MEDICINE 
common.hospital.department.ach.dsu                      = DSU
common.hospital.department.ach.endoscope                = ENDOSCOPE
common.hospital.department.ach.er                       = ER
common.hospital.department.ach.fmw                      = FMW
common.hospital.department.ach.fsw                      = FSW
common.hospital.department.ach.general                  = GENERAL
common.hospital.department.ach.home_dept                = HOME DEPT
common.hospital.department.ach.icu                      = ICU
common.hospital.department.ach.infection_control        = INFECTIONCONTROL
common.hospital.department.ach.isolation                = ISOLATION
common.hospital.department.ach.lab                      = LAB
common.hospital.department.ach.micu                     = MICU
common.hospital.department.ach.mmw                      = MMW
common.hospital.department.ach.mortuary                 = MORTUARY
common.hospital.department.ach.msw                      = MSW
common.hospital.department.ach.opd                      = OPD
common.hospital.department.ach.or                       = OR
common.hospital.department.ach.orthopedic               = ORTHOPEDIC
common.hospital.department.ach.pharmacy                 = PHARMACY
common.hospital.department.ach.physiotherapy            = PHYSIOTHERAPY
common.hospital.department.ach.pre_marriage             = PRE MARRIAGE
common.hospital.department.ach.prince_clinic            = PRINCE CLINIC
common.hospital.department.ach.xray                     = XRAY
common.hospital.department.amph.antenatal               = antenatal
common.hospital.department.amph.cssd                    = cssd
common.hospital.department.amph.dr                      = dr
common.hospital.department.amph.gync_a                  = gync_a
common.hospital.department.amph.lab                     = lab
common.hospital.department.amph.micu                    = micu
common.hospital.department.amph.nicu                    = nicu
common.hospital.department.amph.ob_er                   = ob_er
common.hospital.department.amph.oncology                = oncology
common.hospital.department.amph.one_day_care_surgery    = one_day_care_surgery
common.hospital.department.amph.opd                     = opd
common.hospital.department.amph.or                      = or
common.hospital.department.amph.pedia_a                 = pedia_a
common.hospital.department.amph.pedia_b                 = pedia_b
common.hospital.department.amph.pedia_c                 = pedia_c
common.hospital.department.amph.pedia_d                 = pedia_d
common.hospital.department.amph.pedia_er                = pedia_er
common.hospital.department.amph.pharmacy                = pharmacy
common.hospital.department.amph.physio_therapy          = physio_therapy
common.hospital.department.amph.picu                    = picu
common.hospital.department.amph.post_operative          = post operative
common.hospital.department.amph.ricu                    = ricu
common.hospital.department.amph.xray                    = xray
common.hospital.department.judh.ambulances              = ambulances
common.hospital.department.judh.er                      = er
common.hospital.department.judh.icu                     = icu
common.hospital.department.judh.lab                     = lab
common.hospital.department.judh.maternity_ward          = maternity ward
common.hospital.department.judh.nursery                 = nursery
common.hospital.department.judh.opd                     = opd
common.hospital.department.judh.or                      = or
common.hospital.department.judh.pedia_ward              = pedia ward
common.hospital.department.judh.pharmacy                = pharmacy
common.hospital.department.judh.xray                    = xray
common.hospital.department.naqaha.bedia                 = BEDIA
common.hospital.department.naqaha.female_icu            = Female_ICU
common.hospital.department.naqaha.female_ward           = FEMALE_WARD
common.hospital.department.naqaha.home_medicine         = HOME_MEDICINE
common.hospital.department.naqaha.laboratory            = LABORATORY
common.hospital.department.naqaha.male_icu              = Male_ICU
common.hospital.department.naqaha.male_ward             = MALE_WARD
common.hospital.department.naqaha.or                    = OR
common.hospital.department.naqaha.physiotherapy         = PHYSIOTHERAPY
common.hospital.department.naqaha.sterilization         = STERILIZATION
common.hospital.department.naqaha.xray                  = XRAY
common.hospital.department.paamcc.c_opd                 = c_opd
common.hospital.department.paamcc.c_or                  = c_or
common.hospital.department.paamcc.cath_lab              = cath_lab
common.hospital.department.paamcc.ccu                   = ccu
common.hospital.department.paamcc.cvicu                 = cvicu
common.hospital.department.paamcc.fcw                   = fcw
common.hospital.department.paamcc.mcw                   = mcw
common.hospital.department.pamh.ambulances              = ambulances
common.hospital.department.pamh.anesthesia              = anesthesia
common.hospital.department.pamh.cssd                    = cssd
common.hospital.department.pamh.diabetic_center         = diabetic_center
common.hospital.department.pamh.dsu                     = dsu
common.hospital.department.pamh.endoscopy               = endoscopy
common.hospital.department.pamh.er                      = er
common.hospital.department.pamh.fmw                     = fmw
common.hospital.department.pamh.fsw                     = fsw
common.hospital.department.pamh.hdu                     = hdu
common.hospital.department.pamh.icu                     = icu
common.hospital.department.pamh.lab                     = lab
common.hospital.department.pamh.mmw                     = mmw
common.hospital.department.pamh.mortuary                = mortuary
common.hospital.department.pamh.msw                     = msw
common.hospital.department.pamh.obesity                 = obesity
common.hospital.department.pamh.oncology                = oncology
common.hospital.department.pamh.opd                     = opd
common.hospital.department.pamh.or                      = or
common.hospital.department.pamh.pharmacy                = pharmacy
common.hospital.department.pamh.physiotherapy           = physiotherapy
common.hospital.department.pamh.xray                    = xray
common.hospital.department.physc.al_amal_rehabilitation = al amal rehabilitation
common.hospital.department.physc.ambulance              = ambulance
common.hospital.department.physc.biomedical_warehouse   = biomedical warehouse
common.hospital.department.physc.cssd                   = cssd
common.hospital.department.physc.dental_unit            = dental unit
common.hospital.department.physc.female_opd             = female opd
common.hospital.department.physc.female_phychicatric    = female phychicatric
common.hospital.department.physc.home_medical_care      = home medical care
common.hospital.department.physc.icu                    = icu
common.hospital.department.physc.lab                    = lab
common.hospital.department.physc.male_opd               = male opd
common.hospital.department.physc.male_phychicatric      = male phychicatric
common.hospital.department.physc.mortuary               = mortuary
common.hospital.department.physc.opd_reception          = opd reception
common.hospital.department.physc.pharmacy               = pharmacy
common.hospital.department.physc.physiotherapy          = physiotherapy
common.hospital.department.physc.xray                   = xray
common.hospital.department.rch.aku                      = aku
common.hospital.department.rch.cssd                     = cssd
common.hospital.department.rch.diabetic_center          = diabetic center
common.hospital.department.rch.er                       = er
common.hospital.department.rch.fw                       = fw
common.hospital.department.rch.icu                      = icu
common.hospital.department.rch.laboratory               = laboratory
common.hospital.department.rch.mw                       = mw
common.hospital.department.rch.nursery                  = nursery
common.hospital.department.rch.ob_delivery              = ob delivery
common.hospital.department.rch.ob_ward                  = ob ward
common.hospital.department.rch.opd                      = opd
common.hospital.department.rch.or                       = or
common.hospital.department.rch.pharmacy                 = pharmacy
common.hospital.department.rch.physiotherapy            = physiotherapy
common.hospital.department.rch.pw                       = pw
common.hospital.department.rch.radiology                = radiology
common.hospital.department.sgh.aku                      = aku
common.hospital.department.sgh.dental_clinic            = dental clinic
common.hospital.department.sgh.er                       = er
common.hospital.department.sgh.fmw                      = fmw
common.hospital.department.sgh.icu                      = icu
common.hospital.department.sgh.lab                      = lab
common.hospital.department.sgh.mmw                      = mmw
common.hospital.department.sgh.nersery                  = nersery
common.hospital.department.sgh.ob_dr                    = ob_dr
common.hospital.department.sgh.opd                      = opd
common.hospital.department.sgh.or                       = or
common.hospital.department.sgh.pharmacy                 = pharmacy
common.hospital.department.sgh.xray                     = xray
common.hospital.department.tch.aku                      = aku
common.hospital.department.tch.cssd                     = cssd
common.hospital.department.tch.dr                       = dr
common.hospital.department.tch.er                       = er
common.hospital.department.tch.fmw                      = fmw
common.hospital.department.tch.fsw                      = fsw
common.hospital.department.tch.icu                      = icu
common.hospital.department.tch.lab                      = lab
common.hospital.department.tch.mmw                      = mmw
common.hospital.department.tch.msw                      = msw
common.hospital.department.tch.nursery                  = nursery
common.hospital.department.tch.ob                       = ob
common.hospital.department.tch.opd                      = opd
common.hospital.department.tch.or                       = or
common.hospital.department.tch.pedia                    = pedia
common.hospital.department.tch.pharmcy                  = pharmcy
common.hospital.department.tch.physiotherapy            = physiotherapy
common.hospital.department.tch.well_baby                = well baby
common.hospital.department.tch.xray                     = xray
common.hospital.department.wgh.aku                      = aku
common.hospital.department.wgh.cssd                     = cssd
common.hospital.department.wgh.er                       = er
common.hospital.department.wgh.fmw                      = fmw
common.hospital.department.wgh.icu                      = icu
common.hospital.department.wgh.lab                      = lab
common.hospital.department.wgh.mmw                      = mmw
common.hospital.department.wgh.nursery                  = nursery
common.hospital.department.wgh.ob                       = ob
common.hospital.department.wgh.opd                      = opd
common.hospital.department.wgh.or                       = or
common.hospital.department.wgh.pedia_w                  = pedia_w
common.hospital.department.wgh.physiotherapy            = physiotherapy
common.hospital.department.wgh.xray                     = xray
common.hospital.location.ach.aku                        = AKU Building
common.hospital.location.ach.main_building              = Main Building
common.hospital.location.ach.opd                        = OPD Building
common.hospital.location.ach.physiotherpay              = Physiotherpay Building
common.hospital.location.amph.main_building             = Main Building
common.hospital.location.judh.main_building             = Main Building
common.hospital.location.naqaha.artificial_limbs        = Artificial Limbs Building
common.hospital.location.naqaha.main_building           = Main Building
common.hospital.location.paamcc.main_building           = Main Building
common.hospital.location.pamh.diabetic_center           = Diabetic Center
common.hospital.location.pamh.main_building             = Main Building
common.hospital.location.pamh.opd                       = OPD Building
common.hospital.location.physc.alamal_rehabilitation    = Al Amal Rehabilitation Building
common.hospital.location.physc.er                       = ER Building
common.hospital.location.physc.female_phychicatric      = Female Phychicatric Building
common.hospital.location.physc.male_phychicatric        = Male Phychicatric Building
common.hospital.location.physc.opd                      = OPD Building
common.hospital.location.rch.aku                        = AKU Building
common.hospital.location.rch.diabetic_center            = Diabetic Cnter
common.hospital.location.rch.main_building              = Main Building
common.hospital.location.rch.opd                        = OPD Building
common.hospital.location.sgh.aku                        = AKU Building
common.hospital.location.sgh.main_buliding              = Main Buliding
common.hospital.location.tch.main_building              = Main Building
common.hospital.location.tch.nephrology_physiotherapy   = Nephrology & Physiotherapy Building
common.hospital.location.wgh.aku                        = AKU Building
common.hospital.location.wgh.main_building              = Main Building
common.hospital.location.wgh.opd                        = OPD Building
common.hospital.location.wgh.physiotherapy              = Physiotherapy Building
common.hospital.name.ach                                = Arar Central Hospital
common.hospital.name.amph                               = Arab Materinty And Pedia Hospital
common.hospital.name.judh                               = Al Judaydah Hospital
common.hospital.name.naqaha                             = Al Naqaha Hospital
common.hospital.name.paamcc                             = Prince Abdullah Bin AbdulAziz Bin Musaed Cardic Center
common.hospital.name.pamh                               = Prince AbdulAziz Bin Mousaed Hospital
common.hospital.name.physc                              = Phychicatric Hospital
common.hospital.name.rch                                = Rafhaa Central Hospital
common.hospital.name.sgh                                = Al Shoba Central Hospital
common.hospital.name.tch                                = Tuaigf Central Hospital
common.hospital.name.wgh                                = Al Owaogeela Hospital
common.operating.company.name.almajal_aarabi            = \ Al-Majal Al-Arabi Group
common.site.name.ach                                    = arar central hospital
common.site.name.amph                                   = arab materinty and pedia hospital
common.site.name.judh                                   = al jodyidah hospital
common.site.name.mobill                                 = Mobile Team
common.site.name.naqaha                                 = al naqaha hospital
common.site.name.newsite                                = new site
common.site.name.paamcc                                 = prince abdulah bin abdulaziz bin musaed cardiac center
common.site.name.pamh                                   = prince abdul aziz bin mousaed hospital
common.site.name.physc                                  = psychicatric hospital
common.site.name.rch                                    = rafah central hospital
common.site.name.sgh                                    = al shoba general hospital
common.site.name.tch                                    = turaigf general hospital
common.site.name.wgh                                    = al owaogeela general hospital
